kingdom,visual_group,description,examples
Animalia,Primate,Warm-blooded furry animals with grasping hands forward-facing eyes large brains and complex social behaviour. Often arboreal.,Sumatran orangutan | Bornean orangutan | Javan gibbon | Proboscis monkey | Javan slow loris
Animalia,Large quadruped mammal,Warm-blooded furry animals with four sturdy legs and heavy body mass. Typically hooved or padded. Herbivorous or omnivorous.,Sumatran elephant | Javan rhinoceros | Sumatran rhinoceros | Anoa | Banteng
Animalia,Small quadruped mammal,Warm-blooded furry animals with four legs and compact body. Includes carnivores and omnivores with clawed or padded feet.,Sumatran tiger | Clouded leopard | Sun bear | Flat-headed cat | Binturong
Animalia,Marine mammal,Warm-blooded mammals fully adapted to ocean life. Streamlined body with flippers and no hind limbs. Breathe air at the surface.,Dugong | Irrawaddy dolphin | Blue whale | Spinner dolphin | Bryde's whale
Animalia,Flying mammal,The only mammals capable of true powered flight. Winged forelimbs with thin membrane stretched between elongated fingers. Mostly nocturnal.,Sulawesi flying fox | Dayak fruit bat | Blanford's fruit bat | Horseshoe bat | Sunda flying lemur
Animalia,Flightless bird,Birds with vestigial non-functional wings. Powerful legs built for running. Large heavy body with dense feathers.,Northern cassowary | Dwarf cassowary | Southern cassowary | Biak scrubfowl | New Guinea scrubfowl
Animalia,Flying bird,Birds with fully developed wings capable of sustained flight. Lightweight hollow bones. Diverse in size shape and colour.,Bali myna | Helmeted hornbill | Maleo | Yellow-crested cockatoo | Bird of paradise
Animalia,Lizard,Cold-blooded scaly animals with four legs and a long tail. Tongue used for sensing. Move in a low sprawling posture.,Komodo dragon | Flying lizard | Borneo earless monitor | Green tree monitor | Sailfin lizard
Animalia,Turtle & tortoise,Cold-blooded reptiles enclosed in a bony shell fused to the spine. Flippers for marine species or clawed legs for land species. Very slow-moving.,Hawksbill sea turtle | Green sea turtle | Leatherback sea turtle | Pig-nosed turtle | Olive ridley turtle
Animalia,Snake,Legless cold-blooded reptiles with an elongated flexible body covered in overlapping scales. Forked tongue for chemosensing.,King cobra | Reticulated python | Javan spitting cobra | Brongersma's short-tailed python | Indonesian rat snake
Animalia,Crocodilian,Large semi-aquatic cold-blooded reptiles with armoured skin long powerful jaws and webbed feet. Ambush predators.,Saltwater crocodile | False gharial | New Guinea crocodile | Siamese crocodile | Freshwater crocodile
Animalia,Frog & toad,Cold-blooded animals with moist smooth skin. No tail in adult stage. Long powerful hind legs for jumping. Begin life as aquatic tadpoles.,Javan gliding frog | Bornean flat-headed frog | Huia cavitympanum | Wallace's flying frog | Microhyla borneensis
Animalia,Freshwater fish,Aquatic vertebrates with fins and gills adapted to rivers lakes and streams. Bony skeleton with lateral line sensory system.,Asian arowana | Mahseer | Boeseman's rainbowfish | Toman snakehead | Clown loach
Animalia,Marine fish,Aquatic vertebrates with fins and gills adapted to saltwater ocean environments. Highly varied in body shape size and colouration.,Whale shark | Napoleon wrasse | Manta ray | Sawfish | Bumphead parrotfish
Animalia,Insect,Six-legged animals with three body segments exoskeleton and often wings. Largest animal group by species count.,Wallace's golden birdwing | Queen Alexandra's birdwing | Atlas moth | Rajah Brooke's birdwing | Javan rhinoceros beetle
Animalia,Mollusk & marine invertebrate,Soft-bodied animals often protected by a hard shell. Includes filter feeders sedentary reef builders and slow-moving grazers.,Giant clam | Black coral | Nautilus | Fluted giant clam | Chambered nautilus
Plantae,Tall broadleaf tree,Large woody plant with a single upright trunk that branches high up into a wide leafy canopy. Dominates the rainforest upper layer.,Borneo ironwood | Ramin | Kapur | Meranti | Ebony
Plantae,Palm tree,Tall unbranched trunk topped with a crown of long arching fronds. Monocot with no secondary woody growth.,Arenga palm | Pigafetta palm | Livistona palm | Salak palm | Gebang palm
Plantae,Cycad,Ancient cone-bearing plant with a stout low trunk and a crown of stiff pinnate leaves radiating outward. Produces cones not flowers.,Cycas rumphii | Cycas javana | Cycas papuana | Cycas revoluta | Cycas elongata
Plantae,Mangrove,Woody tree or shrub growing in coastal tidal zones with distinctive visible prop roots or stilt roots emerging from the water or mud.,Rhizophora mucronata | Bruguiera gymnorrhiza | Sonneratia alba | Avicennia marina | Xylocarpus granatum
Plantae,Shrub & bush,Woody multi-stemmed plant shorter than a tree with branches starting near the base. Dense bushy form with no dominant single trunk.,Rhododendron variesgatum | Gardenia tubifera | Psychotria viridis | Melastoma malabathricum | Ixora javanica
Plantae,Vine & climber,Non-self-supporting plant with slender flexible stems that trails or twines around other structures to reach light. Includes spiny rattans.,Calamus manan | Daemonorops draco | Bauhinia kockiana | Gnetum gnemon | Flagellaria indica
Plantae,Grass & bamboo,Grass-like plant with narrow blade-shaped leaves and jointed hollow or pithy stems. Grows in clumps or spreading mats.,Dendrocalamus asper | Gigantochloa atroviolacea | Schizostachyum lima | Imperata cylindrica | Oryza rufipogon
Plantae,Ground herb,Low-growing non-woody soft-stemmed plant rooted in soil. Small to medium in size staying close to the forest floor.,Begonia multangula | Impatiens platypetala | Zingiber spectabile | Amomum cardamomum | Tacca integrifolia
Plantae,Aroid & giant herb,Large soft-stemmed plant producing either a single massive compound leaf on a thick stalk or a giant hooded spathe flower. Dramatic in scale.,Titan arum | Amorphophallus paeoniifolius | Colocasia gigantea | Alocasia macrorrhizos | Amorphophallus muelleri
Plantae,Aquatic plant,Plant rooted in or freely floating on still or slow-moving freshwater. Leaves often flat and broad sitting on or just below the surface.,Victoria amazonica | Nelumbo nucifera | Nymphaea lotus | Barclaya motleyi | Cryptocoryne affinis
Plantae,Fern,Spore-bearing vascular plant with feathery or strap-like fronds that uncurl from a tight coil when young. Produces no flowers or seeds.,Cyathea contaminans | Dipteris conjugata | Angiopteris evecta | Platycerium bifurcatum | Asplenium nidus
Plantae,Orchid,Flowering plant with highly distinctive bilateral flowers often patterned or coloured to attract pollinators. Roots may be fleshy and aerial.,Grammatophyllum speciosum | Paphiopedilum rothschildianum | Coelogyne pandurata | Vanda tricolor | Bulbophyllum beccarii
Plantae,Pitcher plant,Carnivorous plant producing modified leaves shaped into hanging pitcher or jug-like traps filled with digestive fluid to capture insects.,Nepenthes rajah | Nepenthes lowii | Nepenthes villosa | Nepenthes truncata | Nepenthes gymnamphora
Plantae,Epiphyte,Plant that grows on the surface of another plant using it only for physical support. Has aerial roots or specialised structures to absorb moisture from air.,Platycerium superbum | Dischidia major | Hoya imperialis | Drynaria quercifolia | Asplenium australasicum
Plantae,Stemless giant flower,Plant with no visible stem or leaves. Appears solely as an enormous single flower emerging directly from host roots or forest floor litter.,Rafflesia arnoldii | Rafflesia patma | Rafflesia keithii | Balanophora fungosa | Rafflesia tuan-mudae
